,fixed_acidity,volatile_acidity,citric_acid,residual_sugar,chlorides,free_sulfur_dioxide,total_sulfur_dioxide,density,ph,sulphates,alcohol,quality,wine_type,wine_type_catagory_code
12,7.9,0.18,0.37,1.2,0.04,16.0,75.0,0.992,3.18,0.63,10.8,5,white,1
14,8.3,0.42,0.62,19.25,0.04,41.0,172.0,1.0002,2.98,0.67,9.7,5,white,1
16,6.3,0.48,0.04,1.1,0.046,30.0,99.0,0.9928,3.24,0.36,9.6,6,white,1
18,7.4,0.34,0.42,1.1,0.033,17.0,171.0,0.9917,3.12,0.53,11.3,6,white,1
26,6.9,0.24,0.35,1.0,0.052,35.0,146.0,0.993,3.45,0.44,10.0,6,white,1
28,7.4,0.27,0.48,1.1,0.047,17.0,132.0,0.9914,3.19,0.49,11.6,6,white,1
31,8.3,0.14,0.34,1.1,0.042,7.0,47.0,0.9934,3.47,0.4,10.2,6,white,1
37,7.0,0.33,0.32,1.2,0.053,38.0,138.0,0.9906,3.13,0.28,11.2,6,white,1
51,6.6,0.25,0.29,1.1,0.068,39.0,124.0,0.9914,3.34,0.58,11.0,7,white,1
52,6.2,0.16,0.33,1.1,0.057,21.0,82.0,0.991,3.32,0.46,10.9,7,white,1
53,6.4,0.18,0.35,1.0,0.045,39.0,108.0,0.9911,3.31,0.35,10.9,6,white,1
54,6.8,0.2,0.59,0.9,0.147,38.0,132.0,0.993,3.05,0.38,9.1,6,white,1
59,7.4,0.2,0.36,1.2,0.038,44.0,111.0,0.9926,3.36,0.34,9.9,6,white,1
62,7.0,0.47,0.07,1.1,0.035,17.0,151.0,0.991,3.02,0.34,10.5,5,white,1
65,6.2,0.35,0.03,1.2,0.064,29.0,120.0,0.9934,3.22,0.54,9.1,5,white,1
67,6.7,0.25,0.13,1.2,0.041,81.0,174.0,0.992,3.14,0.42,9.8,5,white,1
73,8.6,0.23,0.46,1.0,0.054,9.0,72.0,0.9941,2.95,0.49,9.1,6,white,1
81,7.1,0.2,0.34,16.0,0.05,51.0,166.0,0.9985,3.21,0.6,9.2,6,white,1
97,8.6,0.265,0.36,1.2,0.034,15.0,80.0,0.9913,2.95,0.36,11.4,7,white,1
103,7.5,0.305,0.4,18.9,0.059,44.0,170.0,1.0,2.99,0.46,9.0,5,white,1
111,7.2,0.27,0.46,18.75,0.052,45.0,255.0,1.0,3.04,0.52,8.9,5,white,1
125,6.7,0.19,0.36,1.1,0.026,63.0,143.0,0.9912,3.27,0.48,11.0,6,white,1
133,6.6,0.24,0.27,15.8,0.035,46.0,188.0,0.9982,3.24,0.51,9.2,5,white,1
135,6.7,0.27,0.31,15.7,0.036,44.0,179.0,0.9979,3.26,0.56,9.6,5,white,1
136,8.2,0.23,0.4,1.2,0.027,36.0,121.0,0.992,3.12,0.38,10.7,6,white,1
142,7.9,0.21,0.4,1.2,0.039,38.0,107.0,0.992,3.21,0.54,10.8,6,white,1
145,6.3,0.255,0.37,1.1,0.04,37.0,114.0,0.9905,3.0,0.39,10.9,6,white,1
153,7.2,0.18,0.41,1.2,0.048,41.0,97.0,0.9919,3.14,0.45,10.4,5,white,1
172,7.6,0.48,0.37,0.8,0.037,4.0,100.0,0.9902,3.03,0.39,11.4,4,white,1
174,7.5,0.27,0.31,17.7,0.051,33.0,173.0,0.999,3.09,0.64,10.2,5,white,1
178,6.0,0.67,0.07,1.2,0.06,9.0,108.0,0.9931,3.11,0.35,8.7,4,white,1
181,7.1,0.34,0.15,1.2,0.053,61.0,183.0,0.9936,3.09,0.43,9.2,5,white,1
200,6.8,0.27,0.26,16.1,0.049,55.0,196.0,0.9984,3.15,0.5,9.3,5,white,1
209,6.1,0.4,0.31,0.9,0.048,23.0,170.0,0.993,3.22,0.77,9.5,6,white,1
218,5.7,0.28,0.24,17.5,0.044,60.0,167.0,0.9989,3.31,0.44,9.4,5,white,1
223,6.5,0.19,0.3,0.8,0.043,33.0,144.0,0.9936,3.42,0.39,9.1,6,white,1
239,6.2,0.25,0.21,15.55,0.039,28.0,159.0,0.9982,3.48,0.64,9.6,6,white,1
251,8.5,0.26,0.21,16.2,0.074,41.0,197.0,0.998,3.02,0.5,9.8,3,white,1
255,6.7,0.26,0.39,1.1,0.04,45.0,147.0,0.9935,3.32,0.58,9.6,8,white,1
259,5.8,0.36,0.38,0.9,0.037,3.0,75.0,0.9904,3.28,0.34,11.4,4,white,1
264,6.2,0.24,0.35,1.2,0.038,22.0,167.0,0.9912,3.1,0.48,10.6,6,white,1
277,7.7,0.26,0.4,1.1,0.042,9.0,60.0,0.9915,2.89,0.5,10.6,5,white,1
278,6.8,0.32,0.34,1.2,0.044,14.0,67.0,0.9919,3.05,0.47,10.6,4,white,1
283,6.7,0.34,0.3,15.6,0.054,51.0,196.0,0.9982,3.19,0.49,9.3,5,white,1
284,7.1,0.35,0.24,15.4,0.055,46.0,198.0,0.9988,3.12,0.49,8.8,5,white,1
286,6.5,0.28,0.33,15.7,0.053,51.0,190.0,0.9978,3.22,0.51,9.7,6,white,1
292,7.4,0.28,0.42,19.8,0.066,53.0,195.0,1.0,2.96,0.44,9.1,5,white,1
295,6.3,0.33,0.27,1.2,0.046,34.0,175.0,0.9934,3.37,0.54,9.4,6,white,1
301,8.3,0.2,0.35,0.9,0.05,12.0,74.0,0.992,3.13,0.38,10.5,6,white,1
315,6.8,0.28,0.6,1.1,0.132,42.0,127.0,0.9934,3.09,0.44,9.1,6,white,1
320,6.0,0.1,0.24,1.1,0.041,15.0,65.0,0.9927,3.61,0.61,10.3,7,white,1
326,7.9,0.26,0.41,15.15,0.04,38.0,216.0,0.9976,2.96,0.6,10.0,6,white,1
328,6.5,0.28,0.35,15.4,0.042,55.0,195.0,0.9978,3.23,0.5,9.6,6,white,1
347,6.7,0.19,0.41,15.6,0.056,75.0,155.0,0.9995,3.2,0.44,8.8,6,white,1
357,6.1,0.36,0.33,1.1,0.05,24.0,169.0,0.9927,3.15,0.78,9.5,6,white,1
361,7.1,0.365,0.14,1.2,0.055,24.0,84.0,0.9941,3.15,0.43,8.9,5,white,1
372,6.6,0.905,0.19,0.8,0.048,17.0,204.0,0.9934,3.34,0.56,10.0,5,white,1
391,6.5,0.36,0.32,1.1,0.031,13.0,66.0,0.9916,3.1,0.46,10.6,5,white,1
398,5.9,0.26,0.27,18.2,0.048,52.0,168.0,0.9993,3.35,0.44,9.4,5,white,1
403,7.1,0.27,0.31,18.2,0.046,55.0,252.0,1.0,3.07,0.56,8.7,5,white,1
407,6.9,0.49,0.24,1.2,0.049,13.0,125.0,0.9932,3.17,0.51,9.4,5,white,1
408,6.3,0.14,0.39,1.2,0.044,26.0,116.0,0.992,3.26,0.53,10.3,6,white,1
428,7.8,0.21,0.27,1.2,0.051,20.0,89.0,0.9936,3.06,0.46,9.1,5,white,1
431,6.4,0.34,0.1,1.1,0.048,19.0,84.0,0.9927,3.21,0.38,9.8,5,white,1
439,6.2,0.35,0.04,1.2,0.06,23.0,108.0,0.9934,3.26,0.54,9.2,5,white,1
444,6.9,0.24,0.36,20.8,0.031,40.0,139.0,0.9975,3.2,0.33,11.0,6,white,1
451,6.1,0.2,0.25,1.2,0.038,34.0,128.0,0.9921,3.24,0.44,10.1,5,white,1
458,6.0,0.37,0.32,1.0,0.053,31.0,218.5,0.9924,3.29,0.72,9.8,6,white,1
461,7.0,0.25,0.29,15.2,0.047,40.0,171.0,0.9982,3.22,0.45,9.3,5,white,1
469,7.2,0.29,0.53,18.15,0.047,59.0,182.0,0.9992,3.09,0.52,9.6,5,white,1
476,7.4,0.28,0.36,1.1,0.028,42.0,105.0,0.9893,2.99,0.39,12.4,7,white,1
490,7.0,0.28,0.36,1.0,0.035,8.0,70.0,0.9899,3.09,0.46,12.1,6,white,1
498,5.7,0.335,0.34,1.0,0.04,13.0,174.0,0.992,3.27,0.66,10.0,5,white,1
500,7.2,0.28,0.54,16.7,0.045,54.0,200.0,0.999,3.08,0.49,9.5,6,white,1
524,5.6,0.35,0.37,1.0,0.038,6.0,72.0,0.9902,3.37,0.34,11.4,5,white,1
542,5.5,0.35,0.35,1.1,0.045,14.0,167.0,0.992,3.34,0.68,9.9,6,white,1
572,6.7,0.34,0.54,16.3,0.047,44.0,181.0,0.9987,3.04,0.56,8.8,5,white,1
591,7.3,0.2,0.37,1.2,0.037,48.0,119.0,0.992,3.32,0.49,10.9,6,white,1
595,6.3,0.27,0.38,0.9,0.051,7.0,140.0,0.9926,3.45,0.5,10.5,7,white,1
608,6.1,0.28,0.25,17.75,0.044,48.0,161.0,0.9993,3.34,0.48,9.5,5,white,1
620,6.5,0.46,0.41,16.8,0.084,59.0,222.0,0.9993,3.18,0.58,9.0,5,white,1
623,7.2,0.24,0.34,1.1,0.045,3.0,64.0,0.9913,3.23,0.51,11.4,5,white,1
629,5.8,0.31,0.33,1.2,0.036,23.0,99.0,0.9916,3.18,0.6,10.5,6,white,1
640,5.6,0.235,0.29,1.2,0.047,33.0,127.0,0.991,3.34,0.5,11.0,7,white,1
646,6.5,0.33,0.72,1.1,0.061,7.0,151.0,0.993,3.09,0.57,9.5,4,white,1
694,7.6,0.29,0.58,17.5,0.041,51.0,225.0,0.9997,3.16,0.66,9.5,6,white,1
696,6.7,0.19,0.34,1.0,0.022,22.0,94.0,0.9912,3.23,0.57,11.1,6,white,1
702,6.6,0.38,0.18,1.2,0.042,20.0,84.0,0.9927,3.22,0.45,10.1,4,white,1
703,6.4,0.33,0.28,1.1,0.038,30.0,110.0,0.9917,3.12,0.42,10.5,6,white,1
709,6.2,0.47,0.21,1.0,0.044,13.0,98.0,0.99345,3.14,0.46,9.2,5,white,1
717,7.0,0.27,0.41,18.75,0.042,34.0,157.0,1.0002,2.96,0.5,9.1,5,white,1
725,6.4,0.39,0.21,1.2,0.041,35.0,136.0,0.99225,3.15,0.46,10.2,5,white,1
729,6.0,0.33,0.27,0.8,0.185,12.0,188.0,0.9924,3.12,0.62,9.4,5,white,1
757,6.8,0.22,0.37,15.2,0.051,68.0,178.0,0.99935,3.4,0.85,9.3,6,white,1
758,7.1,0.14,0.4,1.2,0.051,55.0,136.0,0.9932,3.3,0.96,9.8,7,white,1
759,7.1,0.13,0.4,1.2,0.047,54.0,134.0,0.9932,3.3,0.97,9.8,7,white,1
762,6.8,0.24,0.49,19.3,0.057,55.0,247.0,1.00055,3.0,0.56,8.7,5,white,1
763,5.0,0.44,0.04,18.6,0.039,38.0,128.0,0.9985,3.37,0.57,10.2,6,white,1
771,6.6,0.16,0.57,1.1,0.13,58.0,140.0,0.9927,3.12,0.39,9.3,7,white,1
772,6.6,0.21,0.6,1.1,0.135,61.0,144.0,0.9927,3.12,0.39,9.3,7,white,1
773,6.1,0.27,0.3,16.7,0.039,49.0,172.0,0.99985,3.4,0.45,9.4,5,white,1
812,6.4,0.35,0.28,1.1,0.055,9.0,160.0,0.99405,3.42,0.5,9.1,7,white,1
813,6.5,0.26,0.32,16.5,0.045,44.0,166.0,1.0,3.38,0.46,9.5,6,white,1
814,7.9,0.35,0.24,15.6,0.072,44.0,229.0,0.99785,3.03,0.59,10.5,6,white,1
829,7.1,0.16,0.36,1.2,0.043,21.0,90.0,0.9925,3.16,0.42,11.0,7,white,1
846,6.6,0.22,0.37,15.4,0.035,62.0,153.0,0.99845,3.02,0.4,9.3,5,white,1
847,9.2,0.34,0.27,1.2,0.026,17.0,73.0,0.9921,3.08,0.39,10.8,5,white,1
869,7.3,0.24,0.29,1.2,0.037,37.0,97.0,0.9926,3.19,0.7,10.1,6,white,1
892,5.9,0.26,0.3,1.0,0.036,38.0,114.0,0.9928,3.58,0.48,9.4,5,white,1
895,5.6,0.19,0.39,1.1,0.043,17.0,67.0,0.9918,3.23,0.53,10.3,6,white,1
913,5.8,0.29,0.05,0.8,0.038,11.0,30.0,0.9924,3.36,0.35,9.2,5,white,1
914,8.0,0.32,0.26,1.2,0.05,11.5,88.0,0.9946,3.24,0.37,9.5,4,white,1
915,5.6,0.29,0.05,0.8,0.038,11.0,30.0,0.9924,3.36,0.35,9.2,5,white,1
919,8.6,0.18,0.4,1.1,0.04,20.0,107.0,0.9923,2.94,0.32,10.2,7,white,1
939,7.7,0.24,0.29,15.3,0.044,39.0,194.0,0.9982,3.06,0.47,9.6,7,white,1
946,8.2,0.345,1.0,18.2,0.047,55.0,205.0,0.99965,2.96,0.43,9.6,5,white,1
957,6.6,0.23,0.32,0.9,0.041,25.0,79.0,0.9926,3.39,0.54,10.2,7,white,1
958,6.6,0.2,0.32,1.1,0.039,25.0,78.0,0.9926,3.39,0.54,10.2,7,white,1
992,6.5,0.25,0.27,15.2,0.049,75.0,217.0,0.9972,3.19,0.39,9.9,5,white,1
998,8.0,0.24,0.3,17.45,0.056,43.0,184.0,0.9997,3.05,0.5,9.2,6,white,1
1008,6.6,0.22,0.37,1.2,0.059,45.0,199.0,0.993,3.37,0.55,10.3,7,white,1
1041,7.7,0.275,0.3,1.0,0.039,19.0,75.0,0.992,3.01,0.56,10.7,5,white,1
1043,7.5,0.33,0.48,19.45,0.048,55.0,243.0,1.001,2.95,0.4,8.8,5,white,1
1048,8.3,0.4,0.38,1.1,0.038,15.0,75.0,0.9934,3.03,0.43,9.2,5,white,1
1051,6.9,0.21,0.81,1.1,0.137,52.0,123.0,0.9932,3.03,0.39,9.2,6,white,1
1059,5.3,0.3,0.2,1.1,0.077,48.0,166.0,0.9944,3.3,0.54,8.7,4,white,1
1078,6.5,0.26,0.34,16.3,0.051,56.0,197.0,1.0004,3.49,0.42,9.8,5,white,1
1090,8.3,0.21,0.58,17.1,0.049,62.0,213.0,1.0006,3.01,0.51,9.3,6,white,1
1092,7.1,0.21,0.4,1.2,0.069,24.0,156.0,0.9928,3.42,0.43,10.6,6,white,1
1130,6.9,0.2,0.28,1.2,0.048,36.0,159.0,0.9936,3.19,0.43,9.1,6,white,1
1140,8.5,0.16,0.33,1.0,0.076,17.0,57.0,0.9921,3.14,0.46,10.6,6,white,1
1146,9.1,0.27,0.32,1.1,0.031,15.0,151.0,0.9936,3.03,0.41,10.6,5,white,1
1164,8.2,0.23,0.49,0.9,0.057,15.0,73.0,0.9928,3.07,0.38,10.4,6,white,1
1166,6.1,0.45,0.27,0.8,0.039,13.0,82.0,0.9927,3.23,0.32,9.5,5,white,1
1168,7.2,0.2,0.38,1.0,0.037,21.0,74.0,0.9918,3.21,0.37,11.0,5,white,1
1186,7.5,0.32,0.37,1.2,0.048,22.0,184.0,0.9938,3.09,0.43,9.3,5,white,1
1206,7.0,0.26,0.46,15.55,0.037,61.0,171.0,0.9986,2.94,0.35,8.8,6,white,1
1210,9.2,0.28,0.41,1.0,0.042,14.0,59.0,0.9922,2.96,0.25,10.5,6,white,1
1214,9.7,0.24,0.45,1.2,0.033,11.0,59.0,0.9926,2.74,0.47,10.8,6,white,1
1220,6.4,0.23,0.33,1.15,0.044,15.5,217.5,0.992,3.33,0.44,11.0,6,white,1
1222,7.6,0.28,0.39,1.2,0.038,21.0,115.0,0.994,3.16,0.67,10.0,6,white,1
1228,9.4,0.26,0.53,1.2,0.047,25.0,109.0,0.9921,3.23,0.28,12.5,6,white,1
1229,8.3,0.33,0.42,1.15,0.033,18.0,96.0,0.9911,3.2,0.32,12.4,3,white,1
1245,8.0,0.66,0.72,17.55,0.042,62.0,233.0,0.9999,2.92,0.68,9.4,4,white,1
1247,7.2,0.21,0.34,1.1,0.046,25.0,80.0,0.992,3.25,0.4,11.3,6,white,1
1248,7.2,0.18,0.31,1.1,0.045,20.0,73.0,0.9925,3.32,0.4,10.8,7,white,1
1251,5.7,0.245,0.33,1.1,0.049,28.0,150.0,0.9927,3.13,0.42,9.3,5,white,1
1252,5.6,0.245,0.32,1.1,0.047,24.0,152.0,0.9927,3.12,0.42,9.3,6,white,1
1254,7.0,0.16,0.73,1.0,0.138,58.0,150.0,0.9936,3.08,0.3,9.2,5,white,1
1264,7.2,0.14,0.35,1.2,0.036,15.0,73.0,0.9938,3.46,0.39,9.9,5,white,1
1292,6.2,0.17,0.3,1.1,0.037,14.0,79.0,0.993,3.5,0.54,10.3,6,white,1
1304,8.0,0.59,0.71,17.35,0.038,61.0,228.0,1.0,2.95,0.75,9.3,5,white,1
1318,6.4,0.15,0.31,1.1,0.044,25.0,96.0,0.9932,3.54,0.51,10.3,6,white,1
1322,5.1,0.31,0.3,0.9,0.037,28.0,152.0,0.992,3.54,0.56,10.1,6,white,1
1328,5.2,0.37,0.33,1.2,0.028,13.0,81.0,0.9902,3.37,0.38,11.7,6,white,1
1332,7.9,0.16,0.64,17.0,0.05,69.0,210.0,1.0004,3.15,0.51,9.3,7,white,1
1334,9.0,0.24,0.5,1.2,0.048,26.0,107.0,0.9918,3.21,0.34,12.4,6,white,1
1340,7.2,0.16,0.32,0.8,0.04,50.0,121.0,0.9922,3.27,0.33,10.0,6,white,1
1345,7.3,0.39,0.37,1.1,0.043,36.0,113.0,0.991,3.39,0.48,12.7,8,white,1
1349,9.2,0.35,0.39,0.9,0.042,15.0,61.0,0.9924,2.96,0.28,10.4,4,white,1
1365,6.7,0.13,0.28,1.2,0.046,35.0,140.0,0.9927,3.33,0.33,10.1,7,white,1
1366,7.0,0.14,0.41,0.9,0.037,22.0,95.0,0.9914,3.25,0.43,10.9,6,white,1
1379,6.9,0.46,0.2,0.9,0.054,5.0,126.0,0.992,3.1,0.42,10.4,6,white,1
1389,8.1,0.19,0.4,0.9,0.037,73.0,180.0,0.9926,3.06,0.34,10.0,6,white,1
1409,7.9,0.2,0.34,1.2,0.04,29.0,118.0,0.9932,3.14,0.41,10.6,6,white,1
1415,5.9,0.415,0.02,0.8,0.038,22.0,63.0,0.9932,3.36,0.36,9.3,5,white,1
1417,8.6,0.55,0.35,15.55,0.057,35.5,366.5,1.0001,3.04,0.63,11.0,3,white,1
1418,6.9,0.35,0.74,1.0,0.044,18.0,132.0,0.992,3.13,0.55,10.2,5,white,1
1422,5.3,0.165,0.24,1.1,0.051,25.0,105.0,0.9925,3.32,0.47,9.1,5,white,1
1425,6.8,0.22,0.49,0.9,0.052,26.0,128.0,0.991,3.25,0.35,11.4,6,white,1
1426,7.2,0.22,0.49,1.0,0.045,34.0,140.0,0.99,3.05,0.34,12.7,6,white,1
1430,7.0,0.39,0.24,1.0,0.048,8.0,119.0,0.9923,3.0,0.31,10.1,4,white,1
1433,7.1,0.29,0.49,1.2,0.031,32.0,99.0,0.9893,3.07,0.33,12.2,6,white,1
1436,8.5,0.56,0.74,17.85,0.051,51.0,243.0,1.0005,2.99,0.7,9.2,5,white,1
1442,8.0,0.25,0.49,1.2,0.061,27.0,117.0,0.9938,3.08,0.34,9.4,5,white,1
1454,8.3,0.21,0.49,19.8,0.054,50.0,231.0,1.0012,2.99,0.54,9.2,5,white,1
1463,8.3,0.19,0.49,1.2,0.051,11.0,137.0,0.9918,3.06,0.46,11.0,6,white,1
1465,7.0,0.2,0.74,0.8,0.044,19.0,163.0,0.9931,3.46,0.53,10.2,5,white,1
1477,7.6,0.51,0.24,1.2,0.04,10.0,104.0,0.992,3.05,0.29,10.8,6,white,1
1486,6.2,0.15,0.49,0.9,0.033,17.0,51.0,0.9932,3.3,0.7,9.4,6,white,1
1487,6.7,0.25,0.74,19.4,0.054,44.0,169.0,1.0004,3.51,0.45,9.8,6,white,1
1489,7.9,0.16,0.74,17.85,0.037,52.0,187.0,0.9998,2.99,0.41,9.3,5,white,1
1490,5.6,0.185,0.49,1.1,0.03,28.0,117.0,0.9918,3.55,0.45,10.3,6,white,1
1496,6.7,0.62,0.24,1.1,0.039,6.0,62.0,0.9934,3.41,0.32,10.4,5,white,1
1497,6.8,0.27,0.49,1.2,0.044,35.0,126.0,0.99,3.13,0.48,12.1,7,white,1
1526,14.2,0.27,0.49,1.1,0.037,33.0,156.0,0.992,3.15,0.54,11.1,6,white,1
1528,7.4,0.27,0.49,1.1,0.037,33.0,156.0,0.992,3.15,0.54,11.1,6,white,1
1537,8.1,0.28,0.49,1.0,0.04,32.0,148.0,0.9936,3.13,0.41,10.0,6,white,1
1538,6.0,0.17,0.49,1.0,0.034,26.0,106.0,0.992,3.21,0.42,9.8,6,white,1
1541,7.1,0.53,0.24,0.8,0.029,29.0,86.0,0.993,3.16,0.32,9.1,4,white,1
1543,7.3,0.14,0.49,1.1,0.038,28.0,99.0,0.9928,3.2,0.72,10.6,6,white,1
1551,6.6,0.19,0.99,1.2,0.122,45.0,129.0,0.9936,3.09,0.31,8.7,6,white,1
1559,8.8,0.35,0.49,1.0,0.036,14.0,56.0,0.992,2.96,0.33,10.5,4,white,1
1566,7.6,0.18,0.49,18.05,0.046,36.0,158.0,0.9996,3.06,0.41,9.2,5,white,1
1580,9.8,0.31,0.49,15.4,0.046,13.0,119.0,1.0004,3.18,0.45,9.5,5,white,1
1590,7.9,0.14,0.74,1.2,0.028,30.0,165.0,0.991,3.08,0.82,12.3,6,white,1
1592,6.8,0.21,0.74,1.2,0.047,25.0,111.0,0.9916,3.13,0.41,10.7,6,white,1
1608,6.9,0.27,0.49,23.5,0.057,59.0,235.0,1.0024,2.98,0.47,8.6,5,white,1
1624,9.0,0.17,0.49,1.0,0.039,46.0,131.0,0.993,3.09,0.51,10.5,7,white,1
1634,8.3,0.25,0.49,16.8,0.048,50.0,228.0,1.0001,3.03,0.52,9.2,6,white,1
1637,8.1,0.12,0.49,1.2,0.042,43.0,160.0,0.9934,3.13,0.48,9.7,6,white,1
1647,7.8,0.21,0.49,1.2,0.036,20.0,99.0,0.99,3.05,0.28,12.1,7,white,1
1652,8.2,0.29,0.49,1.0,0.044,29.0,118.0,0.9928,3.24,0.36,10.9,4,white,1
1656,5.8,0.15,0.49,1.1,0.048,21.0,98.0,0.9929,3.19,0.48,9.2,5,white,1
1664,8.1,0.28,0.46,15.4,0.059,32.0,177.0,1.0004,3.27,0.58,9.0,4,white,1
1665,6.5,0.13,0.37,1.0,0.036,48.0,114.0,0.9911,3.41,0.51,11.5,8,white,1
1666,7.8,0.445,0.56,1.0,0.04,8.0,84.0,0.9938,3.25,0.43,10.8,5,white,1
1668,7.9,0.18,0.33,1.2,0.033,20.0,72.0,0.9922,3.12,0.38,10.5,7,white,1
1669,7.1,0.31,0.38,1.2,0.036,10.0,124.0,0.9924,3.14,0.44,9.9,6,white,1
1680,7.6,0.32,0.34,18.35,0.054,44.0,197.0,1.0008,3.22,0.55,9.0,5,white,1
1707,6.8,0.26,0.29,16.95,0.056,48.0,179.0,0.9998,3.45,0.4,9.6,5,white,1
1722,7.5,0.4,1.0,19.5,0.041,33.0,148.0,0.9977,3.24,0.38,12.0,6,white,1
1730,9.2,0.23,0.3,1.1,0.031,40.0,99.0,0.9929,2.94,0.3,10.4,6,white,1
1733,8.1,0.3,0.31,1.1,0.041,49.0,123.0,0.9914,2.99,0.45,11.1,6,white,1
1739,8.4,0.29,0.29,1.05,0.032,4.0,55.0,0.9908,2.91,0.32,11.4,4,white,1
1744,6.6,0.22,0.58,1.1,0.133,52.0,136.0,0.9932,3.1,0.3,9.1,5,white,1
1748,8.0,0.27,0.24,1.2,0.044,20.0,102.0,0.9929,3.28,0.42,10.9,5,white,1
1758,9.6,0.21,0.28,1.2,0.038,12.0,53.0,0.9926,2.8,0.46,10.6,5,white,1
1775,7.7,0.49,1.0,19.6,0.03,28.0,135.0,0.9973,3.24,0.4,12.0,6,white,1
1793,7.4,0.35,0.31,17.95,0.062,42.0,187.0,1.0002,3.27,0.64,9.1,5,white,1
1813,7.2,0.15,0.38,1.2,0.038,18.0,110.0,0.9917,3.19,0.43,11.1,6,white,1
1817,7.2,0.5,0.0,0.8,0.034,46.0,114.0,0.9932,3.19,0.34,9.2,4,white,1
1818,6.0,0.26,0.29,1.0,0.032,27.0,96.0,0.9896,3.38,0.44,12.3,6,white,1
1819,6.8,0.33,0.28,1.2,0.032,38.0,131.0,0.9889,3.19,0.41,13.0,6,white,1
1840,6.9,0.18,0.33,1.0,0.054,24.0,164.0,0.9926,3.42,0.51,10.5,5,white,1
1848,8.7,0.49,0.57,17.8,0.052,34.0,243.0,1.0007,2.98,0.82,9.0,5,white,1
1875,6.6,0.31,0.38,16.05,0.058,16.0,165.0,0.9997,3.38,0.6,9.2,5,white,1
1877,8.0,0.2,0.36,1.2,0.032,21.0,78.0,0.9921,3.08,0.37,10.4,6,white,1
1886,7.0,0.53,0.02,1.0,0.036,39.0,107.0,0.993,3.2,0.32,9.0,5,white,1
1888,7.2,0.24,0.4,17.85,0.049,50.0,185.0,1.0,3.34,0.42,9.6,5,white,1
1903,7.8,0.34,0.27,1.2,0.04,25.0,106.0,0.9932,3.01,0.55,10.4,5,white,1
1938,7.2,0.16,0.35,1.2,0.031,27.0,84.0,0.9928,3.33,0.34,9.9,5,white,1
1944,6.0,0.45,0.42,1.1,0.051,61.0,197.0,0.9932,3.02,0.4,9.0,5,white,1
1947,5.7,0.45,0.42,1.1,0.051,61.0,197.0,0.9932,3.02,0.4,9.0,5,white,1
1956,7.2,0.15,0.33,1.1,0.027,16.0,63.0,0.9937,3.37,0.4,9.9,5,white,1
1978,7.9,0.33,0.26,1.2,0.044,23.0,103.0,0.9932,3.19,0.54,10.5,6,white,1
1985,8.1,0.19,0.58,16.65,0.049,48.0,181.0,1.0006,3.2,0.62,9.1,6,white,1
1990,6.4,0.43,0.27,1.1,0.054,5.0,110.0,0.9939,3.24,0.52,9.1,4,white,1
1999,7.3,0.18,0.31,17.3,0.055,32.0,197.0,1.0002,3.13,0.46,9.0,6,white,1
2035,8.8,0.2,0.28,1.1,0.018,18.0,72.0,0.9926,2.97,0.35,10.4,5,white,1
2036,5.7,0.27,0.32,1.2,0.046,20.0,155.0,0.9934,3.8,0.41,10.2,6,white,1
2106,8.5,0.24,0.47,15.2,0.057,40.0,234.0,1.0005,3.02,0.66,9.0,5,white,1
2116,6.8,0.2,0.27,1.2,0.034,19.0,68.0,0.9902,3.14,0.37,11.7,4,white,1
2117,7.7,0.26,0.32,1.2,0.04,26.0,117.0,0.993,3.21,0.56,10.8,5,white,1
2147,6.4,0.29,0.2,15.6,0.04,20.0,142.0,0.9962,3.1,0.54,10.6,5,white,1
2164,8.4,0.22,0.28,18.8,0.028,55.0,130.0,0.998,2.96,0.35,11.6,5,white,1
2186,6.5,0.39,0.81,1.2,0.217,14.0,74.0,0.9936,3.08,0.53,9.5,5,white,1
2196,7.0,0.22,0.26,1.1,0.037,20.0,71.0,0.9902,3.1,0.38,11.7,6,white,1
2197,7.3,0.18,0.29,1.0,0.036,26.0,101.0,0.99,3.09,0.37,11.7,6,white,1
2206,8.9,0.24,0.33,15.75,0.035,16.0,132.0,0.996,3.0,0.37,12.1,6,white,1
2225,7.6,0.23,0.26,15.3,0.067,32.0,166.0,0.9986,3.03,0.44,9.2,4,white,1
2250,9.2,0.34,0.54,17.3,0.06,46.0,235.0,1.00182,3.08,0.61,8.8,6,white,1
2269,8.5,0.19,0.56,17.3,0.055,47.0,169.0,1.00047,3.07,0.67,9.3,6,white,1
2292,6.5,0.32,0.23,1.2,0.054,39.0,208.0,0.99272,3.18,0.46,9.9,6,white,1
2334,7.5,0.23,0.35,17.8,0.058,128.0,212.0,1.00241,3.44,0.43,8.9,5,white,1
2357,8.9,0.21,0.37,1.2,0.028,20.0,93.0,0.99244,3.2,0.37,11.5,5,white,1
2373,7.6,0.48,0.37,1.2,0.034,5.0,57.0,0.99256,3.05,0.54,10.4,3,white,1
2378,9.4,0.23,0.56,16.45,0.063,52.5,282.0,1.00098,3.1,0.51,9.3,5,white,1
2388,7.6,0.21,0.35,1.2,0.041,7.0,106.0,0.9914,3.06,0.45,11.3,4,white,1
2396,8.4,0.3,0.25,17.75,0.047,25.0,218.0,1.00016,2.98,0.66,9.1,5,white,1
2411,8.0,0.27,0.25,19.1,0.045,50.0,208.0,1.00051,3.05,0.5,9.2,6,white,1
2418,6.3,0.41,0.16,0.9,0.032,25.0,98.0,0.99274,3.16,0.42,9.5,5,white,1
2419,6.1,0.36,0.41,19.35,0.07,67.0,207.0,1.00118,3.39,0.53,9.1,5,white,1
2434,8.3,0.28,0.27,17.5,0.045,48.0,253.0,1.00014,3.02,0.56,9.1,6,white,1
2454,7.1,0.29,0.3,16.0,0.036,58.0,201.0,0.99954,3.3,0.67,9.0,5,white,1
2464,6.0,0.26,0.15,1.2,0.053,35.0,124.0,0.99347,3.08,0.46,8.8,5,white,1
2468,5.2,0.16,0.34,0.8,0.029,26.0,77.0,0.99155,3.25,0.51,10.1,6,white,1
2473,6.0,0.29,0.21,15.55,0.043,20.0,142.0,0.99658,3.11,0.54,10.1,6,white,1
2480,6.8,0.32,0.3,1.0,0.049,22.0,113.0,0.99289,3.24,0.61,10.2,5,white,1
2512,5.6,0.175,0.29,0.8,0.043,20.0,67.0,0.99112,3.28,0.48,9.9,6,white,1
2549,7.5,0.2,0.47,16.9,0.052,51.0,188.0,0.99944,3.09,0.62,9.3,5,white,1
2571,7.0,0.16,0.32,1.1,0.032,29.0,80.0,0.98972,3.23,0.36,12.1,6,white,1
2580,7.7,0.3,0.26,18.95,0.053,36.0,174.0,0.99976,3.2,0.5,10.4,5,white,1
2587,5.1,0.14,0.25,0.7,0.039,15.0,89.0,0.9919,3.22,0.43,9.2,6,white,1
2595,8.2,0.52,0.34,1.2,0.042,18.0,167.0,0.99366,3.24,0.39,10.6,5,white,1
2599,6.9,0.32,0.27,16.0,0.034,58.0,185.0,0.99938,3.34,0.6,9.0,6,white,1
2600,6.8,0.11,0.42,1.1,0.042,51.0,132.0,0.99059,3.18,0.74,11.3,7,white,1
2601,6.2,0.26,0.32,15.3,0.031,64.0,185.0,0.99835,3.31,0.61,9.4,5,white,1
2620,6.5,0.28,0.28,20.4,0.041,40.0,144.0,1.0002,3.14,0.38,8.7,5,white,1
2625,4.5,0.19,0.21,0.95,0.033,89.0,159.0,0.99332,3.34,0.42,8.0,5,white,1
2632,6.8,0.44,0.2,16.0,0.065,61.0,186.0,0.99884,3.13,0.45,8.6,5,white,1
2638,7.5,0.13,0.38,1.1,0.023,42.0,104.0,0.99112,3.28,0.53,11.8,6,white,1
2639,9.2,0.14,0.37,1.1,0.034,36.0,84.0,0.99136,3.05,0.55,11.6,6,white,1
2640,7.4,0.2,0.37,1.2,0.028,28.0,89.0,0.99132,3.14,0.61,11.8,6,white,1
2641,6.1,0.15,0.35,15.8,0.042,55.0,158.0,0.99642,3.24,0.37,10.6,5,white,1
2646,5.7,0.18,0.36,1.2,0.046,9.0,71.0,0.99199,3.7,0.68,10.9,7,white,1
2647,5.8,0.15,0.28,0.8,0.037,43.0,127.0,0.99198,3.24,0.51,9.3,5,white,1
2657,6.45,0.14,0.42,1.2,0.05,51.0,129.0,0.99116,3.27,0.69,11.1,7,white,1
2659,7.1,0.15,0.34,1.0,0.033,27.0,73.0,0.98974,3.24,0.41,12.2,6,white,1
2662,7.0,0.23,0.33,1.0,0.043,46.0,110.0,0.99118,3.04,0.65,10.8,6,white,1
2663,8.0,0.13,0.25,1.1,0.033,15.0,86.0,0.99044,2.98,0.39,11.2,8,white,1
2676,7.6,0.1,0.33,1.0,0.031,33.0,93.0,0.99094,3.06,0.68,11.2,6,white,1
2696,6.5,0.22,0.5,16.4,0.048,36.0,182.0,0.99904,3.02,0.49,8.8,6,white,1
2718,5.2,0.28,0.29,1.1,0.028,18.0,69.0,0.99168,3.24,0.54,10.0,6,white,1
2725,6.9,0.23,0.32,16.4,0.045,62.0,153.0,0.9972,3.22,0.42,10.5,5,white,1
2754,5.9,0.17,0.28,0.7,0.027,5.0,28.0,0.98985,3.13,0.32,10.6,5,white,1
2781,7.8,0.965,0.6,65.8,0.074,8.0,160.0,1.03898,3.39,0.69,11.7,6,white,1
2815,6.6,0.36,0.24,0.9,0.038,15.0,72.0,0.99066,3.23,0.39,11.0,5,white,1
2820,6.7,0.325,0.82,1.2,0.152,49.0,120.0,0.99312,2.99,0.38,9.2,5,white,1
2829,7.1,0.26,0.32,16.2,0.044,31.0,170.0,0.99644,3.17,0.37,11.2,5,white,1
2832,6.6,0.17,0.3,1.1,0.031,13.0,73.0,0.99095,3.17,0.58,11.0,6,white,1
2839,5.8,0.22,0.29,0.9,0.034,34.0,89.0,0.98936,3.14,0.36,11.1,7,white,1
2847,5.8,0.2,0.34,1.0,0.035,40.0,86.0,0.98993,3.5,0.42,11.7,5,white,1
2852,7.9,0.2,0.39,1.0,0.041,37.0,154.0,0.99093,3.08,0.43,11.9,5,white,1
2859,6.6,0.21,0.36,0.8,0.034,48.0,113.0,0.99165,3.24,0.68,10.5,6,white,1
2860,7.3,0.21,0.33,1.0,0.037,66.0,144.0,0.9923,3.11,0.52,10.2,6,white,1
2865,5.6,0.19,0.46,1.1,0.032,33.0,115.0,0.9909,3.36,0.5,10.4,6,white,1
2868,6.2,0.23,0.23,1.2,0.018,18.0,128.0,0.99178,3.05,0.28,10.6,5,white,1
2879,5.7,0.37,0.3,1.1,0.029,24.0,88.0,0.98883,3.18,0.39,11.7,6,white,1
2888,8.5,0.22,0.34,0.7,0.04,5.0,25.0,0.9918,3.04,0.37,10.5,4,white,1
2898,8.6,0.18,0.28,0.8,0.032,25.0,78.0,0.99104,2.99,0.38,11.1,5,white,1
2900,6.1,0.16,0.37,1.1,0.031,37.0,97.0,0.9922,3.4,0.58,10.5,6,white,1
2904,6.4,0.25,0.32,0.9,0.034,40.0,114.0,0.99114,3.31,0.58,10.8,7,white,1
2908,6.2,0.2,0.31,1.0,0.031,22.0,73.0,0.99035,3.24,0.52,11.3,6,white,1
2909,6.2,0.18,0.3,1.0,0.031,23.0,73.0,0.99032,3.23,0.52,11.3,6,white,1
2913,7.7,0.18,0.3,1.2,0.046,49.0,199.0,0.99413,3.03,0.38,9.3,5,white,1
2934,5.3,0.21,0.29,0.7,0.028,11.0,66.0,0.99215,3.3,0.4,9.8,5,white,1
2936,5.2,0.17,0.27,0.7,0.03,11.0,68.0,0.99218,3.3,0.41,9.8,5,white,1
2945,4.9,0.33,0.31,1.2,0.016,39.0,150.0,0.98713,3.33,0.59,14.0,8,white,1
2956,8.1,0.12,0.38,0.9,0.034,36.0,86.0,0.99026,2.8,0.55,12.0,6,white,1
2957,6.4,0.12,0.3,1.1,0.031,37.0,94.0,0.98986,3.01,0.56,11.7,6,white,1
2975,8.0,0.14,0.33,1.2,0.045,71.0,162.0,0.9914,3.07,0.47,11.0,6,white,1
2995,6.6,0.28,0.34,0.8,0.037,42.0,119.0,0.9888,3.03,0.37,12.5,6,white,1
2996,6.5,0.35,0.36,0.8,0.034,32.0,111.0,0.98942,3.11,0.5,12.1,8,white,1
2997,6.9,0.25,0.33,1.2,0.035,35.0,158.0,0.99082,3.02,0.58,11.3,6,white,1
3004,6.3,0.18,0.36,1.2,0.034,26.0,111.0,0.99074,3.16,0.51,11.0,6,white,1
3005,6.9,0.3,0.36,0.9,0.037,40.0,156.0,0.98968,3.08,0.36,12.1,6,white,1
3009,6.5,0.2,0.5,18.1,0.054,50.0,221.0,0.99941,2.94,0.64,8.8,6,white,1
3025,5.4,0.22,0.29,1.2,0.045,69.0,152.0,0.99178,3.76,0.63,11.0,7,white,1
3041,6.2,0.33,0.41,16.8,0.037,58.0,173.0,0.99882,3.25,0.57,9.4,6,white,1
3043,7.2,0.21,1.0,1.1,0.154,46.0,114.0,0.9931,2.95,0.43,9.2,6,white,1
3047,7.7,0.18,0.53,1.2,0.041,42.0,167.0,0.9908,3.11,0.44,11.9,5,white,1
3065,7.0,0.15,0.38,15.3,0.045,54.0,120.0,0.9975,3.18,0.42,9.8,6,white,1
3067,7.3,0.28,0.42,1.2,0.033,29.0,142.0,0.99205,3.17,0.43,10.7,4,white,1
3082,6.0,0.35,0.51,1.2,0.029,10.0,102.0,0.9903,3.46,0.42,11.9,6,white,1
3119,5.9,0.19,0.37,0.8,0.027,3.0,21.0,0.9897,3.09,0.31,10.8,5,white,1
3131,6.3,0.35,0.26,17.6,0.061,59.0,198.0,0.99918,3.11,0.49,8.8,5,white,1
3136,5.6,0.19,0.27,0.9,0.04,52.0,103.0,0.99026,3.5,0.39,11.2,5,white,1
3143,5.5,0.19,0.27,0.9,0.04,52.0,103.0,0.99026,3.5,0.39,11.2,5,white,1
3160,6.5,0.34,0.46,1.0,0.023,6.0,80.0,0.98865,3.15,0.54,12.9,6,white,1
3170,7.6,0.17,0.46,0.9,0.036,63.0,147.0,0.99126,3.02,0.41,10.7,6,white,1
3179,8.5,0.2,0.4,1.1,0.046,31.0,106.0,0.99194,3.0,0.35,10.5,4,white,1
3184,6.2,0.1,0.41,1.0,0.04,17.0,76.0,0.98988,3.14,0.56,11.4,7,white,1
3194,5.7,0.16,0.32,1.2,0.036,7.0,89.0,0.99111,3.26,0.48,11.0,5,white,1
3207,6.8,0.21,0.42,1.2,0.045,24.0,126.0,0.99234,3.09,0.87,10.9,6,white,1
3209,6.4,0.21,0.34,16.05,0.04,56.0,142.0,0.99678,3.11,0.38,10.6,5,white,1
3212,6.4,0.24,0.32,0.95,0.041,23.0,131.0,0.99033,3.25,0.35,11.8,5,white,1
3215,7.1,0.14,0.33,1.0,0.104,20.0,54.0,0.99057,3.19,0.64,11.5,6,white,1
3222,6.6,0.16,0.34,1.1,0.037,41.0,115.0,0.9899,3.01,0.68,12.0,6,white,1
3229,6.2,0.2,0.26,1.1,0.047,42.0,119.0,0.99158,3.48,0.6,11.0,7,white,1
3240,6.4,0.16,0.42,1.0,0.036,29.0,113.0,0.9908,3.18,0.52,11.0,6,white,1
3241,5.8,0.3,0.42,1.1,0.036,19.0,113.0,0.98871,3.1,0.46,12.6,7,white,1
3262,7.6,0.19,0.32,18.75,0.047,32.0,193.0,1.00014,3.1,0.5,9.3,7,white,1
3275,6.5,0.48,0.02,0.9,0.043,32.0,99.0,0.99226,3.14,0.47,9.8,4,white,1
3311,6.0,0.19,0.29,1.1,0.047,67.0,152.0,0.9916,3.54,0.59,11.1,7,white,1
3313,7.3,0.145,0.33,1.1,0.042,14.0,64.0,0.99012,3.1,0.37,11.8,7,white,1
3315,5.8,0.18,0.37,1.2,0.036,19.0,74.0,0.98853,3.09,0.49,12.7,7,white,1
3316,5.8,0.18,0.37,1.1,0.036,31.0,96.0,0.98942,3.16,0.48,12.0,6,white,1
3320,7.5,0.29,0.36,15.7,0.05,29.0,124.0,0.9968,3.06,0.54,10.4,5,white,1
3328,6.4,0.24,0.29,1.0,0.038,18.0,122.0,0.9906,3.3,0.42,11.5,5,white,1
3340,6.2,0.3,0.31,1.2,0.048,19.0,125.0,0.98999,3.32,0.54,12.6,6,white,1
3364,6.0,0.2,0.26,1.1,0.033,38.0,67.0,0.98954,3.14,0.38,11.5,6,white,1
3405,5.8,0.15,0.32,1.2,0.037,14.0,119.0,0.99137,3.19,0.5,10.2,6,white,1
3409,6.2,0.23,0.35,0.7,0.051,24.0,111.0,0.9916,3.37,0.43,11.0,3,white,1
3417,6.7,0.64,0.3,1.2,0.03,18.0,76.0,0.9892,3.16,0.6,12.9,4,white,1
3420,7.6,0.28,0.49,20.15,0.06,30.0,145.0,1.00196,3.01,0.44,8.5,5,white,1
3431,7.1,0.18,0.39,15.25,0.047,45.0,158.0,0.99946,3.34,0.77,9.1,6,white,1
3435,6.5,0.24,0.28,1.1,0.034,26.0,83.0,0.98928,3.25,0.33,12.3,6,white,1
3438,6.7,0.3,0.44,18.5,0.057,65.0,224.0,0.99956,3.11,0.53,9.1,5,white,1
3441,7.1,0.25,0.28,1.2,0.04,31.0,111.0,0.99174,3.18,0.53,11.1,5,white,1
3444,6.7,0.3,0.44,18.75,0.057,65.0,224.0,0.99956,3.11,0.53,9.1,5,white,1
3455,7.3,0.23,0.24,0.9,0.031,29.0,86.0,0.98926,2.9,0.38,12.2,6,white,1
3456,6.0,0.39,0.13,1.2,0.042,60.0,172.0,0.99114,3.06,0.52,10.6,5,white,1
3468,6.6,0.16,0.36,1.1,0.031,27.0,93.0,0.98884,3.23,0.34,13.2,8,white,1
3481,5.8,0.22,0.3,1.1,0.047,36.0,131.0,0.992,3.26,0.45,10.4,5,white,1
3486,6.9,0.28,0.33,1.2,0.039,16.0,98.0,0.9904,3.07,0.39,11.7,6,white,1
3491,8.0,0.2,0.44,1.0,0.057,24.0,111.0,0.99158,3.09,0.32,11.2,6,white,1
3497,7.7,0.43,1.0,19.95,0.032,42.0,164.0,0.99742,3.29,0.5,12.0,6,white,1
3512,6.3,0.21,0.31,1.2,0.043,30.0,117.0,0.99158,3.49,0.68,11.0,6,white,1
3518,7.5,0.2,0.41,1.2,0.05,26.0,131.0,0.99133,3.19,0.52,11.1,5,white,1
3526,8.9,0.27,0.28,0.8,0.024,29.0,128.0,0.98984,3.01,0.35,12.4,6,white,1
3537,6.2,0.27,0.47,1.2,0.146,28.0,105.0,0.99224,3.23,0.51,10.1,5,white,1
3539,7.2,0.27,0.31,1.2,0.031,27.0,80.0,0.98892,3.03,0.33,12.7,6,white,1
3545,7.3,0.2,0.29,19.5,0.039,69.0,237.0,1.00037,3.1,0.48,9.2,6,white,1
3547,7.3,0.2,0.29,19.9,0.039,69.0,237.0,1.00037,3.1,0.48,9.2,6,white,1
3550,7.2,0.14,0.32,1.1,0.022,48.0,116.0,0.99218,3.04,0.67,10.0,6,white,1
3568,7.8,0.15,0.34,1.1,0.035,31.0,93.0,0.99096,3.07,0.72,11.3,7,white,1
3575,6.8,0.18,0.28,1.1,0.027,32.0,112.0,0.99089,3.15,0.45,11.0,7,white,1
3578,6.7,0.22,0.22,1.2,0.038,5.0,124.0,0.99098,3.1,0.37,11.2,4,white,1
3585,7.0,0.24,0.35,1.0,0.032,42.0,104.0,0.98988,3.16,0.37,11.7,7,white,1
3595,7.2,0.16,0.29,1.0,0.031,40.0,123.0,0.98958,3.12,0.4,12.1,7,white,1
3596,6.6,0.17,0.28,1.1,0.034,55.0,108.0,0.98939,3.0,0.52,11.9,7,white,1
3632,6.5,0.21,0.51,17.6,0.045,34.0,125.0,0.99966,3.2,0.47,8.8,6,white,1
3661,6.7,0.22,0.39,1.2,0.049,26.0,152.0,0.99346,3.5,0.47,10.0,6,white,1
3673,5.4,0.3,0.3,1.2,0.029,25.0,93.0,0.98742,3.31,0.4,13.6,7,white,1
3674,6.6,0.34,0.2,1.0,0.053,26.0,112.0,0.99336,3.32,0.55,9.1,5,white,1
3676,5.3,0.3,0.3,1.2,0.029,25.0,93.0,0.98742,3.31,0.4,13.6,7,white,1
3698,6.3,0.22,0.34,1.2,0.036,32.0,96.0,0.98961,3.06,0.74,11.6,6,white,1
3706,6.6,0.15,0.34,1.0,0.037,45.0,79.0,0.98949,2.96,0.5,11.7,6,white,1
3710,4.7,0.67,0.09,1.0,0.02,5.0,9.0,0.98722,3.3,0.34,13.6,5,white,1
3714,8.5,0.18,0.3,1.1,0.028,34.0,95.0,0.99272,2.83,0.36,10.0,4,white,1
3716,6.8,0.22,0.26,1.2,0.041,29.0,182.0,0.99104,3.04,0.35,11.2,5,white,1
3724,5.4,0.255,0.33,1.2,0.051,29.0,122.0,0.99048,3.37,0.66,11.3,6,white,1
3730,6.2,0.22,0.2,20.8,0.035,58.0,184.0,1.00022,3.11,0.53,9.0,6,white,1
3810,6.8,0.26,0.34,15.1,0.06,42.0,162.0,0.99705,3.24,0.52,10.5,3,white,1
3827,5.1,0.23,0.18,1.0,0.053,13.0,99.0,0.98956,3.22,0.39,11.5,5,white,1
3833,7.0,0.15,0.29,16.4,0.058,45.0,110.0,0.9978,3.15,0.37,9.7,6,white,1
3876,6.1,0.22,0.28,16.55,0.059,54.0,135.0,0.99665,3.2,0.38,10.5,5,white,1
3901,4.8,0.65,0.12,1.1,0.013,4.0,10.0,0.99246,3.32,0.36,13.5,4,white,1
3925,8.6,0.22,0.33,1.2,0.031,38.0,95.0,0.99239,2.83,0.31,10.3,5,white,1
3935,7.0,0.46,0.2,16.7,0.046,50.0,184.0,0.99898,3.08,0.56,9.4,5,white,1
3938,8.2,0.18,0.38,1.1,0.04,41.0,92.0,0.99062,2.88,0.6,12.0,6,white,1
3991,6.9,0.2,0.41,1.1,0.06,36.0,104.0,0.99317,2.99,0.39,9.2,5,white,1
4014,6.5,0.18,0.48,18.0,0.054,56.0,183.0,1.00038,2.98,0.61,8.5,6,white,1
4018,6.4,0.18,0.48,18.0,0.054,56.0,183.0,1.00038,2.98,0.61,8.5,6,white,1
4021,7.0,0.23,0.42,1.1,0.062,35.0,100.0,0.99318,3.04,0.4,9.2,5,white,1
4027,6.4,0.26,0.26,1.1,0.052,22.0,176.0,0.99304,3.09,0.54,9.3,5,white,1
4030,6.9,0.19,0.38,1.15,0.023,30.0,105.0,0.99047,3.11,0.38,11.4,5,white,1
4083,6.2,0.3,0.32,1.2,0.052,32.0,185.0,0.99266,3.28,0.44,10.1,5,white,1
4086,7.0,0.2,0.4,1.1,0.058,30.0,93.0,0.99322,3.03,0.38,9.2,6,white,1
4087,6.5,0.21,0.42,1.1,0.059,33.0,101.0,0.9927,3.12,0.38,9.7,6,white,1
4096,8.0,0.25,0.35,1.1,0.054,13.0,136.0,0.99366,3.08,0.55,9.5,5,white,1
4106,5.3,0.23,0.56,0.9,0.041,46.0,141.0,0.99119,3.16,0.62,9.7,5,white,1
4107,6.8,0.3,0.26,20.3,0.037,45.0,150.0,0.99727,3.04,0.38,12.3,6,white,1
4110,7.6,0.4,0.27,1.2,0.053,23.0,193.0,0.99164,3.22,0.38,11.6,5,white,1
4111,5.5,0.21,0.25,1.2,0.04,18.0,75.0,0.99006,3.31,0.56,11.3,6,white,1
4113,6.1,0.17,0.29,1.1,0.041,32.0,92.0,0.99036,3.26,0.57,11.2,6,white,1
4115,7.3,0.26,0.32,1.2,0.041,29.0,94.0,0.98978,3.07,0.45,12.0,6,white,1
4121,6.3,0.23,0.22,17.45,0.054,42.0,151.0,0.99853,3.12,0.6,9.3,6,white,1
4128,6.6,0.33,0.32,15.6,0.054,62.0,227.0,0.99734,3.25,0.56,10.4,5,white,1
4146,7.1,0.13,0.29,15.5,0.064,56.0,115.5,0.99737,3.16,0.41,9.7,7,white,1
4167,6.3,0.17,0.32,1.0,0.04,39.0,118.0,0.98886,3.31,0.4,13.1,8,white,1
4186,7.6,0.27,0.32,1.2,0.043,23.0,72.0,0.99236,3.06,0.68,10.5,5,white,1
4188,5.3,0.33,0.3,1.2,0.048,25.0,119.0,0.99045,3.32,0.62,11.3,6,white,1
4191,7.8,0.27,0.35,1.2,0.05,36.0,140.0,0.99138,3.09,0.45,11.2,5,white,1
4200,8.0,0.24,0.33,1.2,0.044,28.0,101.0,0.99035,3.03,0.43,12.5,6,white,1
4207,6.1,0.25,0.3,1.2,0.036,42.0,107.0,0.991,3.34,0.56,10.8,7,white,1
4220,6.0,0.19,0.29,1.2,0.046,29.0,92.0,0.99033,3.22,0.53,11.3,6,white,1
4223,5.3,0.43,0.11,1.1,0.029,6.0,51.0,0.99076,3.51,0.48,11.2,4,white,1
4237,7.5,0.23,0.3,1.2,0.03,27.0,80.0,0.99192,3.05,0.68,10.5,5,white,1
4271,6.9,0.42,0.2,15.4,0.043,57.0,201.0,0.99848,3.08,0.54,9.4,5,white,1
4279,6.2,0.24,0.27,16.8,0.04,48.0,129.0,0.99691,3.23,0.38,10.5,6,white,1
4322,7.4,0.16,0.33,1.2,0.042,47.0,121.0,0.99198,3.04,0.68,10.5,7,white,1
4324,5.9,0.2,0.28,1.0,0.043,45.0,100.0,0.99033,3.4,0.41,11.4,6,white,1
4341,7.4,0.27,0.52,15.7,0.054,36.0,139.0,0.99788,3.04,0.62,10.0333333333333,6,white,1
4342,5.7,0.28,0.35,1.2,0.052,39.0,141.0,0.99108,3.44,0.69,11.3,6,white,1
4387,7.1,0.21,0.33,1.2,0.039,34.0,97.0,0.99112,3.11,0.75,11.2,6,white,1
4391,7.3,0.22,0.37,15.5,0.048,70.0,203.0,0.99899,3.25,0.77,9.4,5,white,1
4393,6.4,0.18,0.28,17.05,0.047,53.0,139.0,0.99724,3.25,0.35,10.5,6,white,1
4415,6.3,0.305,0.22,16.0,0.061,26.0,141.0,0.99824,3.08,0.5,9.1,5,white,1
4441,6.6,0.27,0.25,1.2,0.033,36.0,111.0,0.98918,3.16,0.37,12.4,6,white,1
4468,6.2,0.21,0.24,1.2,0.051,31.0,95.0,0.99036,3.24,0.57,11.3,6,white,1
4470,4.7,0.145,0.29,1.0,0.042,35.0,90.0,0.9908,3.76,0.49,11.3,6,white,1
4471,6.2,0.2,0.28,1.1,0.039,24.0,78.0,0.9899,3.36,0.47,12.1,6,white,1
4480,5.9,0.22,0.45,22.6,0.12,55.0,122.0,0.99636,3.1,0.35,12.8,5,white,1
4483,5.8,0.28,0.18,1.2,0.058,7.0,108.0,0.99288,3.23,0.58,9.55,4,white,1
4487,6.4,0.13,0.28,0.9,0.045,32.0,87.0,0.99175,3.47,0.52,11.2,6,white,1
4495,6.8,0.23,0.39,16.1,0.053,71.0,194.0,0.9988,3.18,0.64,10.2,6,white,1
4501,6.6,0.54,0.21,16.3,0.055,41.0,182.0,0.9986,3.35,0.54,10.4,6,white,1
4506,6.6,0.19,0.28,1.1,0.044,38.0,100.0,0.9904,3.22,0.69,11.2,6,white,1
4537,8.3,0.18,0.37,1.2,0.049,6.0,94.0,0.9937,3.18,0.52,10.1,5,white,1
4570,5.8,0.29,0.15,1.1,0.029,12.0,83.0,0.9898,3.3,0.4,11.4,6,white,1
4572,5.6,0.22,0.32,1.2,0.024,29.0,97.0,0.98823,3.2,0.46,13.05,7,white,1
4576,5.9,0.3,0.29,1.1,0.036,23.0,56.0,0.9904,3.19,0.38,11.3,5,white,1
4578,4.8,0.13,0.32,1.2,0.042,40.0,98.0,0.9898,3.42,0.64,11.8,7,white,1
4599,6.5,0.16,0.33,1.0,0.027,23.0,75.0,0.9908,3.3,0.39,11.4,7,white,1
4600,8.3,0.22,0.34,1.1,0.043,20.0,116.0,0.9927,3.0,0.47,10.2,6,white,1
4609,6.0,0.615,0.04,0.8,0.032,8.0,50.0,0.99036,3.14,0.4,11.0,4,white,1
4616,7.3,0.28,0.37,1.2,0.039,26.0,99.0,0.99198,3.01,0.62,10.8,5,white,1
4641,6.6,0.26,0.36,1.2,0.035,43.0,126.0,0.99094,3.01,0.63,11.4,6,white,1
4645,5.0,0.24,0.34,1.1,0.034,49.0,158.0,0.98774,3.32,0.32,13.1,7,white,1
4646,5.9,0.18,0.28,1.0,0.037,24.0,88.0,0.99094,3.29,0.55,10.65,7,white,1
4647,5.8,0.26,0.29,1.0,0.042,35.0,101.0,0.99044,3.36,0.48,11.4,7,white,1
4661,8.0,0.23,0.41,1.1,0.048,35.0,150.0,0.99168,3.09,0.47,11.2,5,white,1
4669,5.9,0.44,0.33,1.2,0.049,12.0,117.0,0.99134,3.46,0.44,11.5,5,white,1
4681,5.6,0.27,0.37,0.9,0.025,11.0,49.0,0.98845,3.29,0.33,13.1,6,white,1
4682,6.8,0.32,0.33,0.7,0.027,15.0,66.0,0.9899,3.11,0.31,11.8,6,white,1
4683,6.5,0.33,0.32,1.0,0.041,39.0,120.0,0.99004,3.06,0.37,12.2,6,white,1
4684,6.0,0.24,0.34,1.0,0.036,52.0,184.0,0.99097,3.44,0.44,11.45,6,white,1
4692,6.0,0.36,0.32,1.1,0.053,26.0,173.0,0.99414,3.38,0.54,8.8,5,white,1
4696,6.1,0.15,0.4,1.2,0.03,19.0,84.0,0.98926,3.19,0.96,13.0,6,white,1
4717,4.8,0.225,0.38,1.2,0.074,47.0,130.0,0.99132,3.31,0.4,10.3,6,white,1
4733,5.2,0.185,0.22,1.0,0.03,47.0,123.0,0.99218,3.55,0.44,10.15,6,white,1
4734,5.5,0.16,0.31,1.2,0.026,31.0,68.0,0.9898,3.33,0.44,11.6333333333333,6,white,1
4739,5.5,0.16,0.31,1.2,0.026,31.0,68.0,0.9898,3.33,0.44,11.65,6,white,1
4748,6.1,0.34,0.24,18.35,0.05,33.0,184.0,0.99943,3.12,0.61,9.3,5,white,1
4749,6.2,0.35,0.25,18.4,0.051,28.0,182.0,0.99946,3.13,0.62,9.3,6,white,1
4767,6.6,0.19,0.25,1.2,0.052,34.0,181.0,0.99352,3.3,0.42,9.4,7,white,1
4774,7.1,0.24,0.34,1.2,0.045,6.0,132.0,0.99132,3.16,0.46,11.2,4,white,1
4775,5.0,0.27,0.4,1.2,0.076,42.0,124.0,0.99204,3.32,0.47,10.1,6,white,1
4776,5.8,0.27,0.4,1.2,0.076,47.0,130.0,0.99185,3.13,0.45,10.3,6,white,1
4778,5.8,0.315,0.19,19.4,0.031,28.0,106.0,0.99704,2.97,0.4,10.55,6,white,1
4779,6.0,0.59,0.0,0.8,0.037,30.0,95.0,0.99032,3.1,0.4,10.9,4,white,1
4800,6.0,0.2,0.33,1.1,0.039,45.0,126.0,0.99051,3.31,0.45,11.6,7,white,1
4804,6.0,0.35,0.46,0.9,0.033,9.0,65.0,0.98934,3.24,0.35,12.1,4,white,1
4811,7.0,0.17,0.42,1.0,0.075,19.0,71.0,0.99103,3.32,0.62,11.4,6,white,1
4812,5.1,0.26,0.33,1.1,0.027,46.0,113.0,0.98946,3.35,0.43,11.4,7,white,1
4827,6.7,0.22,0.33,1.2,0.036,36.0,86.0,0.99058,3.1,0.76,11.4,6,white,1
4831,5.8,0.38,0.26,1.1,0.058,20.0,140.0,0.99271,3.27,0.43,9.7,6,white,1
4833,5.6,0.33,0.28,1.2,0.031,33.0,97.0,0.99126,3.49,0.58,10.9,6,white,1
4835,5.6,0.295,0.26,1.1,0.035,40.0,102.0,0.99154,3.47,0.56,10.6,6,white,1
4841,5.7,0.22,0.25,1.1,0.05,97.0,175.0,0.99099,3.44,0.62,11.1,6,white,1
4842,6.2,0.28,0.57,1.0,0.043,50.0,92.0,0.99004,3.17,0.36,11.5,6,white,1
4844,4.8,0.29,0.23,1.1,0.044,38.0,180.0,0.98924,3.28,0.34,11.9,6,white,1
4864,6.0,0.41,0.23,1.1,0.066,22.0,148.0,0.99266,3.3,0.47,9.63333333333333,5,white,1
4875,7.4,0.22,0.26,1.2,0.035,18.0,97.0,0.99245,3.12,0.41,9.7,6,white,1
4877,5.9,0.54,0.0,0.8,0.032,12.0,82.0,0.99286,3.25,0.36,8.8,5,white,1
4878,6.2,0.53,0.02,0.9,0.035,6.0,81.0,0.99234,3.24,0.35,9.5,4,white,1
4888,6.8,0.22,0.36,1.2,0.052,38.0,127.0,0.9933,3.04,0.54,9.2,5,white,1
4891,5.7,0.21,0.32,0.9,0.038,38.0,121.0,0.99074,3.24,0.46,10.6,6,white,1
4895,6.5,0.24,0.19,1.2,0.041,30.0,111.0,0.99254,2.99,0.46,9.4,6,white,1
4896,5.5,0.29,0.3,1.1,0.022,20.0,110.0,0.98869,3.34,0.38,12.8,7,white,1
4897,6.0,0.21,0.38,0.8,0.02,22.0,98.0,0.98941,3.26,0.32,11.8,6,white,1
4905,7.3,0.65,0.0,1.2,0.065,15.0,21.0,0.9946,3.39,0.47,10.0,7,red,0
5096,5.4,0.835,0.08,1.2,0.046,13.0,93.0,0.9924,3.57,0.85,13.0,7,red,0
5367,8.7,0.82,0.02,1.2,0.07,36.0,48.0,0.9952,3.2,0.58,9.8,5,red,0
5378,10.6,0.28,0.39,15.5,0.069,6.0,23.0,1.0026,3.12,0.66,9.2,5,red,0
6214,5.4,0.74,0.0,1.2,0.041,16.0,46.0,0.99258,4.01,0.59,12.5,6,red,0
6219,5.0,0.74,0.0,1.2,0.041,16.0,46.0,0.99258,4.01,0.59,12.5,6,red,0
6272,6.8,0.815,0.0,1.2,0.267,16.0,29.0,0.99471,3.32,0.51,9.8,3,red,0
